size,category,puzzle_idx,heuristic_on,clues,classification,cells_filled,mask_ns,heuristic_ns,perm_ns,graph_ns,prune_ns,extract_ns,total_ns,mask_mem,heuristic_mem,perm_mem,graph_mem,prune_mem,initial_vertices,initial_edges,pruned_vertices,pruned_edges,removed_vertices,permutation_counts,phase_progress
25x25,very_easy,0,true,302,Unique,323,5483,249340,758721,81119,134653,10473,1428893,3425,3425,6900,13500,8325,25,100,25,100,0,1;1;1;1;1;1;1;1;1;1;1;1;1;1;1;1;1;1;1;1;1;1;1;1;1,Complete
25x25,very_easy,0,false,0,OOM,0,0,0,0,0,0,0,0,0,0,0,0,0,0,0,0,0,0,,OomAt(graph_construction)
25x25,easy,0,true,354,Unique,271,5343,180547,678246,59341,163019,5916,1244253,3425,3425,6900,13500,8325,25,100,25,100,0,1;1;1;1;1;1;1;1;1;1;1;1;1;1;1;1;1;1;1;1;1;1;1;1;1,Complete
25x25,easy,1,true,350,Unique,275,5540,194744,36036,35947,109160,5218,496223,3425,3425,6900,13500,8325,25,100,25,100,0,1;1;1;1;1;1;1;1;1;1;1;1;1;1;1;1;1;1;1;1;1;1;1;1;1,Complete
25x25,easy,2,true,346,Unique,279,5559,196479,38715,35609,100873,5254,486701,3425,3425,6900,13500,8325,25,100,25,100,0,1;1;1;1;1;1;1;1;1;1;1;1;1;1;1;1;1;1;1;1;1;1;1;1;1,Complete
25x25,easy,3,true,355,Unique,270,5471,190908,48873,40217,110965,5201,518820,3425,3425,6900,13500,8325,25,100,25,100,0,1;1;1;1;1;1;1;1;1;1;1;1;1;1;1;1;1;1;1;1;1;1;1;1;1,Complete
25x25,easy,4,true,346,Unique,279,5605,198172,41517,41321,104329,5612,534865,3425,3425,6900,13500,8325,25,100,25,100,0,1;1;1;1;1;1;1;1;1;1;1;1;1;1;1;1;1;1;1;1;1;1;1;1;1,Complete
25x25,easy,5,true,349,Unique,276,5611,203906,44831,36518,100361,5320,518922,3425,3425,6900,13500,8325,25,100,25,100,0,1;1;1;1;1;1;1;1;1;1;1;1;1;1;1;1;1;1;1;1;1;1;1;1;1,Complete
25x25,easy,6,true,345,Unique,280,5681,195996,32415,36214,107076,5213,485521,3425,3425,6900,13500,8325,25,100,25,100,0,1;1;1;1;1;1;1;1;1;1;1;1;1;1;1;1;1;1;1;1;1;1;1;1;1,Complete
25x25,easy,7,true,344,Unique,281,5500,191989,30263,34813,105514,5118,473527,3425,3425,6900,13500,8325,25,100,25,100,0,1;1;1;1;1;1;1;1;1;1;1;1;1;1;1;1;1;1;1;1;1;1;1;1;1,Complete
25x25,easy,8,true,352,Unique,273,5715,178840,30382,34620,105037,5168,456503,3425,3425,6900,13500,8325,25,100,25,100,0,1;1;1;1;1;1;1;1;1;1;1;1;1;1;1;1;1;1;1;1;1;1;1;1;1,Complete
25x25,easy,9,true,345,Unique,280,5523,194018,33785,35053,105299,5179,478848,3425,3425,6900,13500,8325,25,100,25,100,0,1;1;1;1;1;1;1;1;1;1;1;1;1;1;1;1;1;1;1;1;1;1;1;1;1,Complete
25x25,easy,10,true,359,Unique,266,5700,172914,32161,35484,104449,5081,453095,3425,3425,6900,13500,8325,25,100,25,100,0,1;1;1;1;1;1;1;1;1;1;1;1;1;1;1;1;1;1;1;1;1;1;1;1;1,Complete
25x25,easy,11,true,345,Unique,280,5584,186979,32539,34217,104741,5163,466825,3425,3425,6900,13500,8325,25,100,25,100,0,1;1;1;1;1;1;1;1;1;1;1;1;1;1;1;1;1;1;1;1;1;1;1;1;1,Complete
25x25,easy,12,true,297,Unique,328,5554,314330,37062,34915,98002,5096,613594,3425,3425,6900,13500,8325,25,100,25,100,0,1;1;1;1;1;1;1;1;1;1;1;1;1;1;1;1;1;1;1;1;1;1;1;1;1,Complete
25x25,easy,13,true,302,Unique,323,5440,240410,51250,27472,67200,3637,498122,3425,3425,6900,13500,8325,25,100,25,100,0,1;1;1;1;1;1;1;1;1;1;1;1;1;1;1;1;1;1;1;1;1;1;1;1;1,Complete
25x25,easy,0,false,354,Unique,0,3838,382,113707,333663,175939,3257,686734,3425,0,97704,208432,8325,1086,63919,25,100,1061,4;11;40;30;12;60;14;18;16;49;337;126;4;30;56;2;21;6;3;10;104;6;6;106;15,Complete
25x25,easy,1,false,350,Unique,0,3645,62,195962,382923,192990,3603,835123,3425,0,145452,298636,8325,1798,67972,25,100,1773,256;5;20;21;15;110;66;904;4;32;25;43;1;1;5;7;16;16;61;2;94;4;16;60;14,Complete
25x25,easy,2,false,346,Unique,0,3868,59,21191246,494620238,8162260,3930,524207329,3425,0,18596052,33739436,8325,218926,15927466,25,100,218901,28;196;40;4080;180;116;8;3;13;16;212485;152;394;162;32;48;716;20;4;200;4;5;18;4;2,Complete
25x25,easy,3,false,355,Unique,0,3744,175,484068,2197846,609654,3973,3442050,3425,0,664608,1226192,8325,6067,810162,25,100,6042,52;4;644;2526;664;72;13;82;2;8;7;20;66;16;378;274;46;21;86;1;3;20;426;68;568,Complete
25x25,easy,4,false,346,Unique,0,3758,66,631867,1809437,442599,3507,2985751,3425,0,796260,1541804,8325,7374,487532,25,100,7349,63;152;18;42;41;3;160;2;9;17;117;396;9;3;300;16;8;645;2;3;204;18;5116;6;24,Complete
25x25,easy,5,false,349,Unique,0,3795,64,1181720,36436592,2816169,3666,40616958,3425,0,2363388,8307356,8325,22352,9004175,25,100,22327,990;1284;5;3280;56;798;6;2;220;8;9852;8;310;9;169;33;8;6;20;44;5146;24;70;1;3,Complete
25x25,easy,6,false,345,Unique,0,4001,159,1582958,44266812,2004368,4290,47992912,3425,0,2170740,7105940,8325,23223,18580737,25,100,23198,9;34;94;29;1268;64;1;8;8;20;3920;198;43;15;987;197;261;3120;212;11492;3;6;24;1;1209,Complete
25x25,easy,7,false,344,Unique,0,3880,195,19375713,708065609,6287547,5570,735613272,3425,0,18608472,38097728,8325,172012,13597852,25,100,171987,4;38;187;2;346;26;142;2678;4;668;36;5;460;1;174;2;10;216;8;166900;6;10;80;3;6,Complete
25x25,easy,8,false,352,Unique,0,3833,185,920705,1805104,482613,3825,3302664,3425,0,656052,1351988,8325,7246,349753,25,100,7221,3;2;35;72;26;3684;526;236;3;8;10;12;1129;108;31;10;5;386;464;16;2;2;24;32;420,Complete
25x25,easy,9,false,345,Unique,0,3842,167,11119332,1303717318,8829320,4408,1323916480,3425,0,10342824,44829320,8325,117104,83212744,25,100,117079,63;14;184;1;896;1;1;3;6;208;5;1;344;2292;5992;18;1;4;4;5;86;32;40;2147;104756,Complete
25x25,easy,10,false,359,Unique,0,3844,154,177050,620172,320739,3424,1277902,3425,0,165048,331512,8325,1792,49956,25,100,1767,2;97;9;33;13;83;877;16;12;21;8;6;90;4;12;148;10;2;8;159;54;1;88;27;12,Complete
25x25,easy,11,false,345,Unique,0,3854,54,9259676,1723070204,29028250,3768,1761662356,3425,0,14201856,119227056,8325,119557,77591700,25,100,119532,18;48;1809;35;1098;8;14;76414;57;974;3;20;36260;5;8;284;1602;388;1;6;23;5;67;392;18,Complete
25x25,easy,12,false,0,OOM,0,0,0,0,0,0,0,0,0,0,0,0,0,0,0,0,0,0,,OomAt(graph_construction)
25x25,easy,13,false,0,OOM,0,0,0,0,0,0,0,0,0,0,0,0,0,0,0,0,0,0,,OomAt(graph_construction)
25x25,medium,0,true,298,Unique,327,5532,490162,637072,40613,97321,3919,1431414,3425,3425,6900,13500,8325,25,100,25,100,0,1;1;1;1;1;1;1;1;1;1;1;1;1;1;1;1;1;1;1;1;1;1;1;1;1,Complete
25x25,medium,1,true,303,Unsolvable,298,5132,240799,30783,17947,19185,552,390190,3425,3425,2208,4000,0,8,12,0,0,8,0;1;0;1;1;1;1;0;0;0;1;1;0;0;1;0;0;0;0;0;0;0;0;0;0,Complete
25x25,medium,0,false,0,OOM,0,0,0,0,0,0,0,0,0,0,0,0,0,0,0,0,0,0,,OomAt(graph_construction)
25x25,medium,1,false,0,OOM,0,0,0,0,0,0,0,0,0,0,0,0,0,0,0,0,0,0,,OomAt(permutation_generation)
25x25,hard,0,true,296,Unique,329,4752,268947,630214,68877,98994,4027,1284534,3425,3425,6900,13500,8325,25,100,25,100,0,1;1;1;1;1;1;1;1;1;1;1;1;1;1;1;1;1;1;1;1;1;1;1;1;1,Complete
25x25,hard,1,true,0,OOM,0,0,0,0,0,0,0,0,0,0,0,0,0,0,0,0,0,0,,OomAt(graph_construction)
25x25,hard,2,true,286,Ambiguous(5),278,5399,634792,1025503,104926,163990,20452,2139004,3425,3425,24564,45324,14346,275,2331,50,322,225,216;4;4;4;4;4;2;1;1;1;8;3;3;2;2;4;1;1;1;2;2;2;1;1;1,Complete
25x25,hard,3,true,321,Ambiguous(5),284,3306,229047,146217,43355,113758,19863,727893,3425,3425,6900,15124,10298,36,186,34,172,2,1;1;1;1;2;1;1;1;1;3;2;1;2;1;4;2;1;1;1;3;1;1;1;1;1,Complete
25x25,hard,4,true,281,Unsolvable,316,3888,226355,56822,14108,15045,282,366861,3425,3425,1932,3444,0,7,7,0,0,7,0;0;0;0;0;1;0;1;1;0;0;0;1;0;0;1;0;0;0;0;0;0;0;1;1,Complete
25x25,hard,0,false,0,OOM,0,0,0,0,0,0,0,0,0,0,0,0,0,0,0,0,0,0,,OomAt(graph_construction)
25x25,hard,1,false,0,OOM,0,0,0,0,0,0,0,0,0,0,0,0,0,0,0,0,0,0,,OomAt(permutation_generation)
25x25,hard,2,false,0,OOM,0,0,0,0,0,0,0,0,0,0,0,0,0,0,0,0,0,0,,OomAt(graph_construction)
25x25,hard,3,false,0,OOM,0,0,0,0,0,0,0,0,0,0,0,0,0,0,0,0,0,0,,OomAt(graph_construction)
25x25,hard,4,false,0,OOM,0,0,0,0,0,0,0,0,0,0,0,0,0,0,0,0,0,0,,OomAt(graph_construction)
25x25,very_hard,0,true,286,Ambiguous(5),278,3900,451593,579988,76265,161442,20231,1450780,3425,3425,24564,45324,14346,275,2331,50,322,225,216;4;4;4;4;4;2;1;1;1;8;3;3;2;2;4;1;1;1;2;2;2;1;1;1,Complete
25x25,very_hard,1,true,321,Ambiguous(5),284,3429,216652,32626,26223,95750,19174,445853,3425,3425,6900,15124,10298,36,186,34,172,2,1;1;1;1;2;1;1;1;1;3;2;1;2;1;4;2;1;1;1;3;1;1;1;1;1,Complete
25x25,very_hard,2,true,281,Unsolvable,316,5439,310626,53435,21061,20297,412,481358,3425,3425,1932,3444,0,7,7,0,0,7,0;0;0;0;0;1;0;1;1;0;0;0;1;0;0;1;0;0;0;0;0;0;0;1;1,Complete
25x25,very_hard,0,false,0,OOM,0,0,0,0,0,0,0,0,0,0,0,0,0,0,0,0,0,0,,OomAt(graph_construction)
25x25,very_hard,1,false,0,OOM,0,0,0,0,0,0,0,0,0,0,0,0,0,0,0,0,0,0,,OomAt(graph_construction)
25x25,very_hard,2,false,281,OOM,0,0,0,0,0,0,0,0,0,0,0,0,0,0,0,0,0,0,,OomAt(graph_construction)
25x25,ambiguous,0,false,300,OOM,0,0,0,0,0,0,0,0,0,0,0,0,0,0,0,0,0,0,,OomAt(graph_construction)
25x25,ambiguous,0,true,300,OOM,0,0,0,0,0,0,0,0,0,0,0,0,0,0,0,0,0,0,,OomAt(unknown)
