difficulty,puzzle_id,mask_init_ns,permutation_ns,edge_build_ns,pruning_ns,extraction_ns,total_time_ns
easy,0,153345,35478484,501850394,1578606,8525,541538120
easy,1,84499,20127275,142696612,1220656,8175,165280000
easy,2,81104,12285473,48551900,892667,7142,62506524
easy,3,82964,16191360,118276605,1365293,8917,136999663
easy,4,85339,10361226,56544709,200986,7277,67909272
easy,5,106405,13546023,83442161,667306,7769,98778333
easy,6,80812,27130891,449426875,18010490,8198,496671759
easy,7,78973,6752681,20648753,111775,6573,28134820
easy,8,86523,12474779,76892483,834883,7171,91201267
easy,9,84559,6161839,17267707,173276,10635,24289487
easy,10,84204,13198742,36553359,257517,10708,50815529
easy,11,84444,17913150,150782558,2048327,8707,172020865
easy,12,92289,9334286,47346922,306333,8271,57806791
easy,13,88148,43874139,598462788,2325368,9299,647283584
easy,14,80592,29066022,251386083,1522202,7184,283578945
easy,15,77994,11074780,39746767,497080,7363,52062991
easy,16,81470,22798090,218289719,878977,7209,244251173
easy,17,81444,8996920,29082373,314635,8310,39011383
easy,18,86583,31578549,411951103,7097198,7763,453147995
easy,19,78691,23175230,144447751,1124241,7190,170012207
easy,20,75721,12644139,71937852,666318,7636,86183983
easy,21,93099,17634358,119008718,799142,7461,138975555
easy,22,88463,18309623,178264170,473630,8870,198488276
easy,23,80026,20502392,109660298,1336006,7575,132546409
easy,24,101089,14811616,115118808,229785,11582,131370759
easy,25,104783,20872689,232918100,8342184,11195,264182192
easy,26,84347,35444197,289320594,1959691,8196,328629695
easy,27,81889,18188811,105859508,730012,7277,126092188
easy,28,84199,15290280,109495711,206801,6570,126316468
easy,29,83405,6694080,20782182,176697,11868,28291103
easy,30,364713,9580202,31953793,129515,7601,42672767
easy,31,76904,7166443,19611713,148265,8414,27491659
easy,32,82221,15720034,92972905,5232963,10959,114964038
easy,33,77055,15265116,67953780,1027677,6686,85206026
easy,34,79520,15229243,86263609,5413706,7788,107904297
easy,35,81114,33573085,475400118,612312,7686,511918950
easy,36,80252,17377612,155028392,396021,7382,174100438
easy,37,81600,21360840,324379409,4456662,10362,352192433
easy,38,85418,11783360,61246864,2027872,6566,75914924
easy,39,86929,14341290,90296646,295822,7921,105973615
easy,40,80757,18752530,192782503,1029386,6425,214101587
easy,41,93978,10769138,42815733,153842,6935,54514370
easy,42,85733,36031184,444336164,904380,9304,484568003
easy,43,86766,9300074,33558200,278794,7187,43861468
easy,44,84466,13761899,105261928,872541,9563,120921060
easy,45,81099,8776146,26388109,172518,7079,35945298
easy,46,87344,40784532,597304817,1107222,8548,642562679
easy,47,78332,9319510,40252010,342199,7479,50626478
easy,48,79332,18953381,119339213,395632,6916,139786743
easy,49,82400,15287438,81167601,946649,9104,98387983
easy,50,80934,10784107,54023353,346606,7033,66044720
easy,51,83581,10509441,34940022,238429,7147,46406172
easy,52,79423,16349478,105698198,665465,8784,123759733
easy,53,81789,24086718,225322769,1156275,8556,253156171
easy,54,76538,14099801,69319701,373749,7542,84694378
easy,55,84478,17054173,71161656,543410,6667,89734478
easy,56,87169,16932612,103921753,839272,7796,123095613
easy,57,84092,12335613,64039772,3337545,7348,80704231
easy,58,84056,39652544,611995626,1725036,7731,656507554
easy,59,88111,8066452,16322815,262380,6869,25197495
easy,60,88470,13597770,56305635,473122,6757,71206512
easy,61,85936,20601628,47680629,206055,7201,69300252
easy,62,86423,12248612,65755286,1161313,9814,80059357
easy,63,85724,12723888,66627991,532603,6480,81146926
easy,64,84163,25373519,214863341,2057427,8740,243899813
easy,65,83620,13759041,54617205,115203,6639,69331563
easy,66,87122,12705941,57392080,3071533,10527,74075304
easy,67,93111,31982445,276530865,14679905,7864,324830029
easy,68,79558,18189190,167485518,616415,7826,187609139
easy,69,87789,11223460,46690833,658992,6794,59345384
easy,70,87303,11583200,35567941,252411,8553,48139265
easy,71,89279,8858350,25474977,204244,7608,35180203
easy,72,85448,21819364,98434840,2462699,7393,123837758
easy,73,85255,10101967,38220068,692564,6349,49738586
easy,74,86944,6440756,13918444,199568,8066,21069750
easy,75,85207,44905357,649761269,2664506,9089,700398078
easy,76,85596,13052637,58247207,341350,7262,72444170
easy,77,84747,16821506,134181688,1207157,8274,153477824
easy,78,84121,22810611,220538574,3006123,15204,247933956
easy,79,95058,10592991,59953811,686064,7398,72112388
easy,80,81758,28383227,362885641,3866557,8890,397437428
easy,81,85548,37217385,730076883,1084597,6919,771127064
easy,82,76781,42395912,657726887,1322299,7068,704097658
easy,83,77633,12823612,63908363,1050874,7289,78617315
easy,84,82866,29666609,395391526,2559723,8498,429735484
easy,85,83795,9274537,25139770,99704,6967,35132732
easy,86,82088,27776885,88020521,370443,7387,118027158
easy,87,79271,13186311,62064853,776617,7319,76923935
easy,88,87062,18602712,173227721,1137731,9309,194295754
easy,89,78129,25754416,172320894,7861662,13556,207225434
easy,90,81981,18823527,117326573,280915,7353,137604861
easy,91,80643,19278571,162174468,4489718,8676,187582189
easy,92,80375,13032847,82090575,3068961,7429,99139277
easy,93,86646,14418524,51220088,263990,9178,66754222
easy,94,88075,29972375,434042512,3405848,9566,469480310
easy,95,78598,37454454,344148262,2901152,7796,387189224
easy,96,82506,7896855,29538591,150960,7037,38230084
easy,97,84626,13940202,83879926,202610,7243,99080757
easy,98,90755,11834990,37770062,331306,7404,50658993
easy,99,84315,30593209,447103424,2288383,9777,482253705
medium,0,84481,14187716,88827246,2109008,9666,106210069
medium,1,87922,11048502,54278349,501505,9363,66705659
medium,2,93174,24370507,336008630,3561335,8818,365962515
medium,3,84762,41889850,499132514,7654471,11099,552763921
medium,4,87989,15145380,84385171,382480,7168,101023811
medium,5,84960,20959635,162534831,1704045,8409,186549448
medium,6,81648,25652219,187826656,1616244,10717,217140216
medium,7,149737,10640035,44679807,384519,7222,56565936
medium,8,91363,10846847,45829092,1384778,7315,58851807
medium,9,86865,19095101,172013531,852178,8707,193414622
medium,10,91442,30328635,331077450,1066682,12073,365081755
medium,11,83066,18721618,145241496,11681902,9555,176885421
medium,12,82313,17556066,122770561,987629,9035,142534998
medium,13,88502,14692538,86419491,961153,8896,103109287
medium,14,88574,25409059,297626238,4268578,9925,328987925
medium,15,85738,13855845,51671476,429307,7534,67128320
medium,16,89809,7333881,16174154,297075,7072,24325088
medium,17,80360,25789175,250599464,1760673,8156,279747701
medium,18,95358,6674364,19493935,439075,5986,27155717
medium,19,84561,8263942,33852630,1013095,5580,43779107
medium,20,81164,9493179,52287755,188498,6852,62841739
medium,21,82053,37444931,427890270,2753933,10867,471258558
medium,22,79030,8377717,31210602,466302,7330,40712203
medium,23,85300,29531325,224669987,15654985,8172,272187868
medium,24,80847,10479370,47379244,793361,6820,59498910
medium,25,84967,20829082,185512118,513750,7369,208628969
medium,26,78534,20260842,125996492,1972215,6573,149361639
medium,27,84478,12514187,49145929,298755,6638,62710815
medium,28,83747,13501722,74801925,500698,6945,89757090
medium,29,86127,6655957,21555873,251608,7602,29295526
medium,30,82474,17183268,106839501,1143884,6716,126206532
medium,31,81928,17592327,96704072,222317,9536,115568611
medium,32,80022,11917408,66466950,457290,6883,79772967
medium,33,86202,8760778,24784164,228254,6314,34374410
medium,34,83370,10189892,46513635,579798,6609,58228399
medium,35,82936,21163233,136509535,2467663,13116,161719335
medium,36,137832,14488954,86344615,643013,6394,102552146
medium,37,76384,15484943,79689284,917254,6810,97113138
medium,38,81625,15848106,58946097,2040769,6079,77649114
medium,39,83261,31109714,237493816,1251465,7120,271574806
medium,40,76971,17715362,99196813,958266,7280,119355749
medium,41,81594,49160280,602110233,10258721,10325,665566669
medium,42,86903,14419023,97650896,478915,8979,113749280
medium,43,97368,26257202,326255549,4649070,20097,359306948
medium,44,85806,12879671,38396491,558849,7526,52554729
medium,45,86114,19428781,141351845,2236072,8991,164299520
medium,46,89311,13829440,40240601,900679,6412,55696046
medium,47,82344,14166880,55521819,838091,6833,71334408
medium,48,96882,13509880,25542851,989375,8139,40637032
medium,49,89081,16152637,77810831,749841,6896,95877954
medium,50,82785,9847167,31187486,183305,5478,42066138
medium,51,78163,14268560,72027353,303878,6688,87467156
medium,52,82534,17871350,175263853,1842392,7325,196429522
medium,53,83769,9230512,37191745,311748,6066,47450893
medium,54,84336,18873542,171248554,871941,7493,192571860
medium,55,85339,17472603,137315679,646479,6157,156863406
medium,56,78125,17283110,44991573,378830,6649,63369079
medium,57,85472,12554538,71200402,1036272,6799,85653832
medium,58,82436,12137853,65258399,1080511,6891,79335077
medium,59,86521,30930881,216020278,1435513,6966,249924149
medium,60,75597,20863225,228388507,4455381,9428,255203192
medium,61,84329,21160675,152298521,14339412,8433,189214676
medium,62,75006,14517146,92774644,674640,9674,108982323
medium,63,77435,19993943,148337496,1856635,7149,171530862
medium,64,79033,20856917,258665542,4805222,8528,285886936
medium,65,80134,16145233,109719786,743351,7270,127677422
medium,66,82125,22583248,255129480,3626440,8643,283189489
medium,67,77531,19749299,209790348,953090,7178,232248042
medium,68,79263,10456271,39677482,2097303,8133,52982381
medium,69,82880,12594219,85024559,2744749,6552,101329965
medium,70,100881,12334234,56659346,1666015,6326,71510465
medium,71,86921,10678649,35566388,116629,6665,47058080
medium,72,86114,7907287,28735600,395926,6474,37690161
medium,73,83925,21395090,222232977,2369429,9292,247719243
medium,74,88063,11964947,49844056,175182,6601,62937913
medium,75,85968,23757923,251241079,1228794,8766,277841178
medium,76,82019,13825073,104072073,4509694,6715,123518854
medium,77,79972,15300937,93985226,809282,6887,111402555
medium,78,82152,18771647,147098043,6581121,7206,173638719
medium,79,80977,21358562,236629691,1624107,8435,261534440
medium,80,81624,9179840,31610249,1035572,8362,42482946
medium,81,85974,12241538,53155907,348613,9160,66576430
medium,82,89094,8590071,31716723,1066612,7884,42008880
medium,83,82996,23809052,217132794,583075,6902,243117184
medium,84,85474,6448362,18731485,125776,8140,25881495
medium,85,88290,13302692,53782361,322393,8284,68188182
medium,86,82114,12214390,38671808,352911,8707,51947065
medium,87,82415,9579286,47554407,508024,8128,58369127
medium,88,84280,35394131,500123525,4125164,12863,541899944
medium,89,131266,29937412,304079943,1975386,8416,337837259
medium,90,81670,10462010,39246497,360709,6444,50784204
medium,91,86957,12605485,73965735,1608762,6495,89069570
medium,92,85957,8768538,34068510,488963,7725,44135399
medium,93,88760,13619558,99859557,1055193,7390,115662854
medium,94,83634,11552310,51188246,346003,7909,63855739
medium,95,83363,10841415,43194149,787653,7309,55541759
medium,96,84742,11273423,59487062,352008,7266,71990321
medium,97,114920,8590111,24422035,588807,7829,34230426
medium,98,83207,12672634,73616955,328091,6605,87602288
medium,99,83856,24688411,261239372,707175,7067,288320049
hard,0,79863,10603098,36095171,797890,7203,48155867
hard,1,83587,10383046,42361598,680935,6338,54121448
hard,2,82262,12211042,70932667,1300531,6696,85314780
hard,3,84899,9022693,39151483,1041932,5648,49894489
hard,4,84621,10758251,41234922,888476,7552,53603655
hard,5,85941,13710772,96727741,2187240,6640,113621847
hard,6,86266,12814146,51365605,402161,6687,65399719
hard,7,92645,18283007,92533231,1305103,7305,113218721
hard,8,81631,10685589,53867158,3857305,6519,69178661
hard,9,82627,8104085,30188816,551844,6034,39452510
hard,10,84005,22265908,198976143,1776347,6157,224901768
hard,11,81770,18753758,83429870,570184,6735,103960703
hard,12,78753,12644549,64818497,1860228,7107,80224144
hard,13,81433,15936362,97224769,1137091,7274,115268700
hard,14,82384,14879380,63519757,552499,7925,79934639
hard,15,81058,10037036,48097080,719559,8697,59584357
hard,16,86481,11005823,53783717,1568631,6763,67179739
hard,17,78717,38467641,395494720,3245723,7510,439150733
hard,18,80903,25446046,296708060,2307660,9001,327061590
hard,19,82607,15018566,103159390,1120367,6339,120553986
hard,20,79264,23776498,203544660,10372581,6655,239001148
hard,21,82008,18279663,162864662,4581698,6683,187129295
hard,22,81861,9183929,26532366,358895,6407,36680108
hard,23,88250,12433746,67670849,1188195,6992,82145408
hard,24,81426,28265431,510299577,10317346,6872,551241564
hard,25,84589,14316470,97401341,1141849,7040,114069364
hard,26,77795,21414400,114475551,16045002,6617,152980261
hard,27,85149,37741572,345258756,2281871,10038,387673479
hard,28,81962,13127545,57238867,1154501,6520,72331573
hard,29,83695,12879076,81768583,1335146,11322,97099607
hard,30,110293,19298341,103250638,1420145,8565,125253588
hard,31,82616,12465224,80672845,3662855,7162,98062295
hard,32,83387,19447188,177849260,616879,8912,199925330
hard,33,79647,30324328,282657645,2744485,8370,318063085
hard,34,75783,16301774,143083949,2623524,7630,163224958
hard,35,78769,16237267,87219946,710612,6297,105152321
hard,36,81948,13690873,61456400,1131546,8686,77423487
hard,37,80360,10265656,63765997,389133,6735,75266382
hard,38,86099,21279088,132318831,555481,6450,155994805
hard,39,81972,11540077,60790952,457198,6270,73623177
hard,40,81096,13760703,51281776,2762437,8477,68599934
hard,41,83481,12373575,33983899,254796,7217,47297177
hard,42,82611,17544431,114906834,2845333,7528,136384887
hard,43,85816,8529793,35379078,554912,6465,45127635
hard,44,93037,11061258,45849679,1111028,6220,58762460
hard,45,82199,12828963,63926985,577375,6211,78148687
hard,46,80418,14767059,106345310,672971,6712,122841118
hard,47,81136,10465086,30618780,683729,6160,42391312
hard,48,80554,17969279,62843059,727389,6753,82451103
hard,49,84004,15174457,99530415,1113481,7385,116894349
hard,50,77677,16243424,123748499,1925116,7348,143089428
hard,51,73179,18397383,165299238,5947459,6871,190880591
hard,52,78804,21632264,165349812,1479005,6838,190435195
hard,53,88498,17099107,155508681,1205782,6057,175137317
hard,54,84162,14795414,101230842,1084641,6546,118135015
hard,55,80257,40077763,365077034,1309936,9374,408988435
hard,56,81480,20358232,213595076,2183489,6737,237645138
hard,57,78066,16355519,165614066,12178765,8919,195370793
hard,58,80657,8358024,42125081,402821,6537,51613768
hard,59,79696,21287026,183520506,1539157,7739,207989147
hard,60,82044,10760789,28894806,1374624,7283,41675223
hard,61,85424,21000851,196759149,3533046,9259,222977935
hard,62,87195,12778649,73390610,1491889,7399,88668917
hard,63,84486,47118925,1042174224,18328306,12473,1112032821
hard,64,82204,21916940,218288827,26678413,7616,268291145
hard,65,98057,21563226,161596852,899641,7674,185754364
hard,66,88563,10733959,53327704,632158,9082,65604643
hard,67,81256,9100834,30865259,361764,7171,41008310
hard,68,87771,10363320,59615743,1762876,7871,73009653
hard,69,84361,32271303,332842173,6200662,10125,373562852
hard,70,78282,15696367,90419505,3443353,8878,110746870
hard,71,83810,14414914,92499902,2840815,7804,110936931
hard,72,80328,20837790,126403145,4262343,10754,152713564
hard,73,86896,9031189,33598239,880836,7357,44209758
hard,74,84762,20833500,187598742,1655382,7530,211533820
hard,75,86073,9863715,34626298,594430,7207,45776814
hard,76,83559,13190533,63612082,456331,7723,78104038
hard,77,87963,12658367,43504630,4519737,9687,61441965
hard,78,101865,14317899,86862971,714525,7735,102903495
hard,79,84695,7711250,26895640,999193,7069,36223862
hard,80,80478,21798571,210750001,2685360,7270,236808297
hard,81,81433,15754229,61468398,663462,7733,79002642
hard,82,88610,19935027,184155843,3502650,10596,209063753
hard,83,82345,11542194,53479667,1019656,11318,66882294
hard,84,82948,16673408,100038078,2248027,6443,120001942
hard,85,78903,16987403,115599809,5710206,9718,139452344
hard,86,89774,16507729,48084428,711901,9706,66272616
hard,87,87610,17754164,134981645,3399740,12196,157311877
hard,88,83593,13745121,88385302,2562242,8879,105706080
hard,89,81115,13201239,79399638,3627302,9220,97173114
hard,90,83993,14047098,73156794,2371538,8593,90514625
hard,91,83653,18873228,95280056,2401725,8982,117563031
hard,92,116184,9728545,47643347,1489801,8816,59667969
hard,93,85234,15590925,70295098,2561672,8119,89386756
hard,94,90049,8955137,41964081,1908614,9714,53637171
hard,95,83522,15065452,90755766,1195115,7661,108194683
hard,96,86415,11718692,63866036,1811102,7492,78278917
hard,97,85926,19380386,154448043,844347,7396,175975305
hard,98,87537,16664271,128831401,862607,7277,147539707
hard,99,82806,7619483,28062418,186972,9217,36536211
